City_ID,City,Country,Date,Lat,Lng,Max Temp,Humidity,Cloudiness,Wind Speed
0,Norman Wells,CA,2021-09-26 13:03:15,65.282,-126.8329,21.24,98,32,3.18
1,Destin,US,2021-09-26 12:58:28,30.3935,-86.4958,69.98,82,0,1.01
2,Tommot,RU,2021-09-26 13:03:16,58.9564,126.2925,40.87,71,100,10.0
3,Codrington,AU,2021-09-26 13:03:16,-38.2667,141.9667,41.65,90,12,8.79
4,Ahipara,NZ,2021-09-26 13:03:16,-35.1667,173.1667,51.8,85,42,7.18
5,Punta Arenas,CL,2021-09-26 12:58:31,-53.15,-70.9167,33.91,93,40,4.61
6,Moose Factory,CA,2021-09-26 13:03:17,51.2585,-80.6094,46.04,93,100,5.35
7,Tiksi,RU,2021-09-26 13:03:17,71.6872,128.8694,34.95,97,100,17.34
8,Mataura,NZ,2021-09-26 13:03:17,-46.1927,168.8643,39.47,97,9,1.95
9,Ancud,CL,2021-09-26 13:03:18,-41.8697,-73.8203,44.13,70,6,2.44
10,Bengkulu,ID,2021-09-26 13:03:18,-3.8004,102.2655,75.79,87,100,3.65
11,Rikitea,PF,2021-09-26 13:03:18,-23.1203,-134.9692,72.79,80,2,17.9
12,Hobart,AU,2021-09-26 12:59:55,-42.8794,147.3294,44.06,83,40,1.01
13,Qaanaaq,GL,2021-09-26 13:03:19,77.484,-69.3632,17.78,67,28,6.76
14,Ko Samui,TH,2021-09-26 13:00:08,9.5357,99.9357,80.01,82,100,11.5
15,Bathsheba,BB,2021-09-26 13:03:19,13.2167,-59.5167,86.61,74,40,9.22
16,Longyearbyen,SJ,2021-09-26 13:03:19,78.2186,15.6401,39.04,93,75,6.91
17,Busselton,AU,2021-09-26 13:03:20,-33.65,115.3333,55.09,93,28,9.51
18,Ilhabela,BR,2021-09-26 13:03:20,-23.7781,-45.3581,74.98,70,3,2.26
19,Novoaleksandrovsk,RU,2021-09-26 13:03:20,45.4948,41.2207,63.28,62,96,23.4
20,Dumas,US,2021-09-26 13:03:21,35.8656,-101.9732,64.65,44,1,14.97
21,Krasnoselkup,RU,2021-09-26 13:03:21,65.7,82.4667,35.71,80,6,8.81
22,Hermanus,ZA,2021-09-26 13:03:21,-34.4187,19.2345,69.8,76,17,11.03
23,Taoudenni,ML,2021-09-26 13:03:22,22.6783,-3.9836,109.47,5,5,17.63
24,Jamestown,US,2021-09-26 13:00:11,42.097,-79.2353,55.51,10,18,6.31
25,Ust-Omchug,RU,2021-09-26 13:03:22,61.15,149.6333,29.48,92,27,6.08
26,Carnarvon,AU,2021-09-26 13:03:22,-24.8667,113.6333,65.48,65,0,10.54
27,Mahebourg,MU,2021-09-26 13:03:23,-20.4081,57.7,73.26,78,65,16.53
28,Korla,CN,2021-09-26 13:03:23,41.7597,86.1469,70.0,19,0,7.81
29,New Norfolk,AU,2021-09-26 13:03:24,-42.7826,147.0587,43.72,66,16,2.55
30,Chokurdakh,RU,2021-09-26 13:03:24,70.6333,147.9167,32.63,97,100,19.57
31,Saint-Paul,RE,2021-09-26 13:03:24,-21.0096,55.2707,77.74,77,87,0.72
32,Buxton,GB,2021-09-26 13:03:24,53.2574,-1.9098,68.05,76,9,1.99
33,Esso,RU,2021-09-26 13:03:25,55.9333,158.7,40.24,87,68,4.16
34,Esna,EG,2021-09-26 13:03:25,25.2934,32.554,97.14,15,8,16.15
35,Atuona,PF,2021-09-26 13:03:25,-9.8,-139.0333,77.4,75,62,20.13
36,Doha,QA,2021-09-26 13:01:25,25.2867,51.5333,100.38,25,0,19.57
37,Tazovskiy,RU,2021-09-26 13:03:26,67.4667,78.7,35.67,66,1,7.7
38,Ushuaia,AR,2021-09-26 13:00:18,-54.8,-68.3,38.82,58,1,4.34
39,Lebu,CL,2021-09-26 13:01:27,-37.6167,-73.65,48.85,75,7,13.4
40,Puerto Ayora,EC,2021-09-26 13:03:26,-0.7393,-90.3518,68.99,90,100,8.48
41,Marzuq,YE,2021-09-26 13:03:27,14.4,46.4667,93.04,11,9,12.26
42,Saldanha,ZA,2021-09-26 13:03:27,-33.0117,17.9442,62.1,78,10,16.35
43,Apricena,IT,2021-09-26 13:03:27,41.7839,15.4437,87.58,31,8,7.4
44,Methoni,GR,2021-09-26 13:03:28,36.8197,21.7049,83.21,55,0,10.71
45,Puerto Narino,CO,2021-09-26 13:03:28,-3.7703,-70.3831,75.15,84,43,2.73
46,Bairiki,KI,2021-09-26 13:03:29,1.3292,172.9752,82.4,74,20,13.8
47,Upington,ZA,2021-09-26 13:02:16,-28.4478,21.2561,97.97,5,32,11.86
48,Pavilosta,LV,2021-09-26 13:03:29,56.8879,21.1859,62.51,58,27,7.78
49,Snyder,US,2021-09-26 13:03:29,32.7179,-100.9176,64.54,55,1,5.75
50,Severo-Kurilsk,RU,2021-09-26 13:03:30,50.6789,156.125,46.92,91,79,10.45
51,Cherskiy,RU,2021-09-26 13:03:30,68.75,161.3,30.34,98,100,13.4
52,Sur,OM,2021-09-26 13:03:30,22.5667,59.5289,89.64,51,0,4.12
53,Port Elizabeth,ZA,2021-09-26 13:03:31,-33.918,25.5701,72.1,69,52,10.58
54,Hihya,EG,2021-09-26 13:03:31,30.6713,31.588,86.88,31,2,12.71
55,Yulara,AU,2021-09-26 13:03:31,-25.2406,130.9889,75.04,16,99,4.61
56,Port-De-Bouc,FR,2021-09-26 13:03:32,43.4,4.9833,73.78,69,0,5.75
57,Cape Town,ZA,2021-09-26 13:02:12,-33.9258,18.4232,72.27,56,12,8.46
58,Katsuura,JP,2021-09-26 13:03:32,35.1333,140.3,68.14,69,54,10.58
59,Basay,PH,2021-09-26 13:03:32,9.4087,122.64,80.89,79,46,0.78
60,Riyadh,SA,2021-09-26 13:01:31,24.6877,46.7219,98.04,12,0,11.16
61,Chuy,UY,2021-09-26 13:03:33,-33.6971,-53.4616,64.9,70,51,0.76
62,Svetlaya,RU,2021-09-26 13:03:33,46.5389,138.3297,54.45,72,0,4.88
63,Sortavala,RU,2021-09-26 13:03:33,61.7053,30.6918,53.04,80,95,8.84
64,Astoria,US,2021-09-26 13:03:34,46.1879,-123.8313,57.85,86,90,4.0
65,Bandarbeyla,SO,2021-09-26 13:03:34,9.4942,50.8122,84.11,62,61,29.89
66,Bethel,US,2021-09-26 13:03:34,41.3712,-73.414,65.08,81,40,1.01
67,Linares,CL,2021-09-26 13:03:35,-35.85,-71.6,48.67,81,100,6.78
68,Faanui,PF,2021-09-26 13:03:35,-16.4833,-151.75,78.53,76,5,13.51
69,Mokhsogollokh,RU,2021-09-26 13:03:35,61.4681,128.9203,32.11,88,73,3.58
70,East London,ZA,2021-09-26 13:00:24,-33.0153,27.9116,70.2,64,11,8.61
71,Turukhansk,RU,2021-09-26 13:03:36,65.8167,87.9833,36.5,83,10,7.76
72,Inirida,CO,2021-09-26 13:03:36,3.8653,-67.9239,79.05,83,40,1.1
73,Portland,US,2021-09-26 12:58:52,45.5234,-122.6762,59.36,83,53,5.01
74,Rakovski,BG,2021-09-26 13:03:36,42.3,24.9667,84.61,27,0,4.88
75,Port Shepstone,ZA,2021-09-26 13:03:37,-30.7414,30.455,70.43,75,95,13.4
76,Torbay,CA,2021-09-26 13:03:21,47.6666,-52.7314,58.57,75,100,4.0
77,Nikolskoye,RU,2021-09-26 13:03:37,59.7035,30.7861,52.88,75,96,8.86
78,Kahului,US,2021-09-26 13:03:37,20.8947,-156.47,77.85,85,1,5.75
79,Dikson,RU,2021-09-26 13:03:38,73.5069,80.5464,36.7,81,100,19.62
80,Hilo,US,2021-09-26 13:03:38,19.7297,-155.09,76.28,89,20,5.75
81,Albany,US,2021-09-26 12:59:21,42.6001,-73.9662,61.27,77,98,8.86
82,Richards Bay,ZA,2021-09-26 13:03:38,-28.783,32.0377,74.53,67,22,13.27
83,Sinnamary,GF,2021-09-26 13:03:39,5.3833,-52.95,84.78,66,13,7.85
84,Arraial Do Cabo,BR,2021-09-26 13:03:39,-22.9661,-42.0278,76.86,65,0,12.66
85,Thompson,CA,2021-09-26 13:03:40,55.7435,-97.8558,40.69,94,9,3.18
86,Cockburn Town,TC,2021-09-26 13:03:40,21.4612,-71.1419,82.24,73,0,4.52
87,Komsomolskiy,UZ,2021-09-26 13:03:40,40.4272,71.7189,86.72,14,0,4.61
88,Butaritari,KI,2021-09-26 13:03:41,3.0707,172.7902,82.81,77,94,14.63
89,Saint George,US,2021-09-26 13:00:13,37.1041,-113.5841,69.53,49,100,3.0
90,Monterey,US,2021-09-26 12:59:11,36.2505,-121.2516,53.26,1,6,4.23
91,Lieksa,FI,2021-09-26 13:03:41,63.3167,30.0167,51.12,77,97,6.89
92,Uva,RU,2021-09-26 13:03:42,56.9908,52.1852,54.46,85,70,4.63
93,Samana,DO,2021-09-26 13:03:42,19.2056,-69.3369,82.36,83,20,0.0
94,Freeport,US,2021-09-26 13:02:27,40.6576,-73.5832,67.01,71,20,5.99
95,Aku,NG,2021-09-26 13:03:42,6.7081,7.3167,80.26,72,86,6.67
96,Zig,US,2021-09-26 13:03:43,40.127,-92.7663,59.92,59,1,1.99
97,Paamiut,GL,2021-09-26 13:03:13,61.994,-49.6678,33.71,46,7,8.43
98,Kapaa,US,2021-09-26 13:03:43,22.0752,-159.319,77.32,83,75,1.01
99,Riesa,DE,2021-09-26 13:03:43,51.3,13.3,82.26,60,0,4.16
100,Nanyang,CN,2021-09-26 13:03:44,32.9947,112.5328,66.96,86,100,9.04
101,Praia Da Vitoria,PT,2021-09-26 13:03:44,38.7333,-27.0667,73.76,83,87,15.12
102,Victoria,HK,2021-09-26 13:00:03,22.2855,114.1577,86.22,71,13,4.0
103,Pangnirtung,CA,2021-09-26 13:03:44,66.1451,-65.7125,33.91,60,46,2.53
104,Upernavik,GL,2021-09-26 13:03:45,72.7868,-56.1549,22.66,66,15,4.99
105,Rocha,UY,2021-09-26 13:03:45,-34.4833,-54.3333,66.22,69,0,2.95
106,Guerrero Negro,MX,2021-09-26 13:03:45,27.9769,-114.0611,68.09,80,0,11.92
107,Paray-Le-Monial,FR,2021-09-26 13:03:46,46.4546,4.1158,73.98,69,90,5.99
108,Georgetown,MY,2021-09-26 13:00:14,5.4112,100.3354,78.89,94,40,1.01
109,Cayenne,GF,2021-09-26 13:03:46,4.9333,-52.3333,87.84,73,75,3.0
110,Mount Isa,AU,2021-09-26 13:00:54,-20.7333,139.5,78.57,13,0,8.05
111,Lompoc,US,2021-09-26 13:01:20,34.6391,-120.4579,58.68,87,90,1.01
112,Uglegorsk,RU,2021-09-26 13:03:46,49.0833,142.0333,51.84,86,7,7.05
113,Lagoa,PT,2021-09-26 13:03:47,39.05,-27.9833,68.04,84,27,26.89
114,Buala,SB,2021-09-26 13:03:47,-8.145,159.5921,80.42,81,55,4.74
115,San Quintin,MX,2021-09-26 13:03:48,30.4833,-115.95,67.05,81,100,7.11
116,Jian,CN,2021-09-26 13:03:48,27.1172,114.9793,86.56,56,4,4.7
117,Koygorodok,RU,2021-09-26 13:03:48,60.445,50.9968,43.59,93,100,8.46
118,Slave Lake,CA,2021-09-26 13:03:48,55.2834,-114.769,52.56,90,100,3.94
119,Talcahuano,CL,2021-09-26 13:03:49,-36.7167,-73.1167,49.68,66,0,5.75
120,Luancheng,CN,2021-09-26 13:03:49,37.8792,114.6517,63.45,92,100,6.24
121,Gobabis,NA,2021-09-26 13:03:49,-22.45,18.9667,91.33,8,2,8.61
122,Airai,TL,2021-09-26 13:03:50,-8.9266,125.4092,60.24,89,90,1.45
123,Cabra,ES,2021-09-26 13:03:50,37.4725,-4.4421,83.66,36,93,5.08
124,Rawson,AR,2021-09-26 13:01:39,-43.3002,-65.1023,50.86,39,4,17.18
125,Beloomut,RU,2021-09-26 13:03:51,54.9448,39.3394,48.13,94,100,11.34
126,Saint-Pierre,RE,2021-09-26 13:03:51,-21.3393,55.4781,77.29,69,0,28.77
127,Ermoupolis,GR,2021-09-26 13:03:51,37.4423,24.9425,80.17,50,0,13.8
128,Ichinohe,JP,2021-09-26 13:03:51,40.2069,141.3017,54.25,96,72,4.38
129,Khatanga,RU,2021-09-26 13:03:52,71.9667,102.5,33.4,84,100,8.3
130,Deder,ET,2021-09-26 13:03:52,9.3167,41.45,66.47,61,98,0.92
131,Beloha,MG,2021-09-26 13:03:52,-25.1667,45.05,89.62,19,0,5.46
132,Iralaya,HN,2021-09-26 13:03:53,15.0,-83.2333,77.58,89,100,3.67
133,Belmonte,BR,2021-09-26 13:03:53,-15.8631,-38.8828,70.3,71,92,8.99
134,Sindi,IN,2021-09-26 13:03:53,20.8,78.8667,85.08,77,99,3.8
135,Lerum,SE,2021-09-26 13:03:54,57.7745,12.2697,66.27,61,0,3.0
136,Lekoni,GA,2021-09-26 13:03:54,-1.5843,14.2591,86.41,49,89,1.39
137,Kavieng,PG,2021-09-26 13:03:54,-2.5744,150.7967,82.31,80,96,11.36
138,Russell,US,2021-09-26 13:00:15,32.3502,-85.1999,63.97,94,1,0.0
139,Dukat,RU,2021-09-26 13:03:55,62.55,155.55,24.85,94,63,3.76
140,Clyde River,CA,2021-09-26 13:03:55,70.4692,-68.5914,26.51,86,13,5.73
141,Pevek,RU,2021-09-26 13:03:55,69.7008,170.3133,30.83,95,100,15.61
142,Abeche,TD,2021-09-26 13:03:55,13.8292,20.8324,93.67,31,30,3.71
143,Belgrade,RS,2021-09-26 13:03:56,44.804,20.4651,84.38,33,0,4.61
144,Umm Lajj,SA,2021-09-26 13:03:56,25.0213,37.2685,86.85,61,1,22.19
145,Payakumbuh,ID,2021-09-26 13:03:56,-0.2202,100.6308,72.3,96,100,2.15
146,Acajutla,SV,2021-09-26 13:03:57,13.5928,-89.8275,79.2,79,80,4.47
147,Aklavik,CA,2021-09-26 13:03:57,68.2191,-135.0107,29.52,91,100,8.77
148,Port Hardy,CA,2021-09-26 13:03:57,50.6996,-127.4199,53.87,95,100,18.05
149,Opuwo,NA,2021-09-26 13:03:58,-18.0607,13.84,96.44,7,0,9.75
150,Barrow,US,2021-09-26 13:03:58,71.2906,-156.7887,17.62,93,20,0.0
151,Eureka,US,2021-09-26 13:03:58,40.8021,-124.1637,56.19,75,68,2.86
152,Roma,US,2021-09-26 13:02:27,43.2128,-75.4557,59.38,89,90,3.44
153,Dolhesti,RO,2021-09-26 13:03:59,46.8667,27.9,70.86,38,21,9.33
154,Durant,US,2021-09-26 13:03:45,33.994,-96.3708,66.56,72,1,0.0
155,Andenes,NO,2021-09-26 13:03:59,69.3143,16.1194,50.07,93,75,19.57
156,Yellowknife,CA,2021-09-26 13:03:59,62.456,-114.3525,35.42,100,98,5.99
157,Kamenka,RU,2021-09-26 13:04:00,51.3223,42.7678,53.85,76,91,13.6
158,Oktyabrskoye,RU,2021-09-26 13:04:00,43.0645,44.7417,64.54,39,40,8.95
159,Totness,SR,2021-09-26 13:04:00,5.8833,-56.3167,82.53,78,53,6.82
160,Esperance,AU,2021-09-26 13:04:01,-33.8667,121.9,59.09,82,93,9.28
161,Maniitsoq,GL,2021-09-26 13:04:01,65.4167,-52.9,32.14,50,0,4.05
162,Jacksonville Beach,US,2021-09-26 13:04:01,30.2947,-81.3931,75.22,82,1,4.61
163,Bluff,NZ,2021-09-26 13:04:02,-46.6,168.3333,39.79,64,13,2.98
164,Provideniya,RU,2021-09-26 13:04:02,64.3833,-173.3,32.14,84,100,5.84
165,Tuatapere,NZ,2021-09-26 13:04:02,-46.1333,167.6833,39.81,86,87,4.34
166,Linxia,CN,2021-09-26 13:04:03,35.6003,103.2064,56.62,72,90,1.95
167,Fortuna,US,2021-09-26 13:04:03,40.5982,-124.1573,55.92,67,90,0.0
168,Paysandu,UY,2021-09-26 13:04:03,-32.3214,-58.0756,68.61,71,6,6.73
169,Okha,RU,2021-09-26 13:04:04,53.5739,142.9478,45.34,75,5,9.64
170,Kautokeino,NO,2021-09-26 13:04:04,69.0125,23.0412,46.09,76,99,18.86
171,Ekhabi,RU,2021-09-26 13:04:04,53.5102,142.9671,43.95,77,4,8.21
172,Ribeira Grande,PT,2021-09-26 13:04:05,38.5167,-28.7,73.8,73,20,23.02
173,Vysokovsk,RU,2021-09-26 13:04:05,56.3167,36.55,49.86,86,91,11.21
174,Westport,US,2021-09-26 13:04:05,41.1415,-73.3579,66.88,77,1,1.01
175,Saskylakh,RU,2021-09-26 13:04:06,71.9167,114.0833,34.12,97,100,12.19
176,Luderitz,NA,2021-09-26 13:04:06,-26.6481,15.1594,70.32,58,0,15.99
177,Kaitangata,NZ,2021-09-26 13:04:06,-46.2817,169.8464,34.68,89,23,4.59
178,Bredasdorp,ZA,2021-09-26 13:04:08,-34.5322,20.0403,69.28,68,95,8.68
179,Port Alfred,ZA,2021-09-26 13:04:08,-33.5906,26.891,68.52,74,16,9.84
180,Salalah,OM,2021-09-26 13:04:08,17.0151,54.0924,84.29,89,20,13.8
181,El Bosque,MX,2021-09-26 13:04:09,17.0667,-92.7333,58.01,98,71,0.72
182,Egvekinot,RU,2021-09-26 13:04:09,66.3167,-179.1667,20.25,79,47,6.17
183,Hofn,IS,2021-09-26 13:04:09,64.2539,-15.2082,41.02,87,90,8.05
184,Bhachau,IN,2021-09-26 13:04:09,23.2833,70.35,89.49,56,89,3.51
185,Talnakh,RU,2021-09-26 13:04:10,69.4865,88.3972,34.36,55,77,4.85
186,Iquique,CL,2021-09-26 13:02:39,-20.2208,-70.1431,62.83,63,19,4.79
187,Terrasini,IT,2021-09-26 13:04:10,38.146,13.0844,85.08,65,0,6.91
188,Nome,US,2021-09-26 13:04:11,64.5011,-165.4064,42.87,76,90,17.27
189,Hamilton,US,2021-09-26 13:01:39,39.1834,-84.5333,56.77,87,8,4.83
190,Upata,VE,2021-09-26 13:04:11,8.0086,-62.3989,79.2,69,2,3.49
191,Tual,ID,2021-09-26 13:04:11,-5.6667,132.75,81.12,85,99,17.81
192,Lac Du Bonnet,CA,2021-09-26 13:04:12,50.2536,-96.0612,51.6,64,99,2.44
193,Tasiilaq,GL,2021-09-26 13:04:12,65.6145,-37.6368,39.36,69,35,3.89
194,Dingle,PH,2021-09-26 13:04:12,10.9995,122.6711,78.15,89,93,1.63
195,Mar Del Plata,AR,2021-09-26 13:00:30,-38.0023,-57.5575,64.13,47,0,13.0
196,Kodiak,US,2021-09-26 13:04:13,57.79,-152.4072,37.56,91,94,9.13
197,Vao,NC,2021-09-26 13:04:13,-22.6667,167.4833,68.14,68,85,8.68
198,Brownsville,US,2021-09-26 13:04:13,25.9018,-97.4975,73.38,88,20,2.3
199,Samarai,PG,2021-09-26 13:04:14,-10.6167,150.6667,79.36,86,87,11.86
200,Narsaq,GL,2021-09-26 13:04:14,60.9167,-46.05,35.82,36,0,6.04
201,Caravelas,BR,2021-09-26 13:04:15,-17.7125,-39.2481,80.26,53,100,8.63
202,Kota Bahru,MY,2021-09-26 13:04:15,6.1333,102.2386,79.14,85,97,3.89
203,Lima,PE,2021-09-26 13:00:58,-12.0432,-77.0282,59.14,87,61,7.43
204,Polunochnoye,RU,2021-09-26 13:04:16,60.8697,60.4153,39.83,62,98,7.76
205,Hithadhoo,MV,2021-09-26 13:04:16,-0.6,73.0833,82.18,75,30,16.91
206,Cururupu,BR,2021-09-26 13:04:16,-1.8283,-44.8683,84.88,61,83,9.37
207,Saint-Philippe,RE,2021-09-26 13:04:17,-21.3585,55.7679,77.22,83,46,14.61
208,Tecoanapa,MX,2021-09-26 13:04:17,16.5167,-98.75,76.21,94,100,6.26
209,Vila Franca Do Campo,PT,2021-09-26 13:04:17,37.7167,-25.4333,74.19,70,100,4.03
210,Tuktoyaktuk,CA,2021-09-26 13:04:17,69.4541,-133.0374,33.48,99,100,11.54
211,Sal Rei,CV,2021-09-26 13:04:18,16.1833,-22.9167,84.4,65,40,14.97
212,Conneaut,US,2021-09-26 13:04:18,41.9476,-80.5542,58.41,74,18,14.38
213,Jibuti,DJ,2021-09-26 13:04:18,11.5,42.5,89.02,33,83,18.72
214,Haapiti,PF,2021-09-26 13:04:19,-17.5667,-149.8667,78.53,80,9,14.56
215,Husavik,IS,2021-09-26 13:04:19,66.0449,-17.3389,42.04,97,100,29.8
216,Raudeberg,NO,2021-09-26 13:04:19,61.9875,5.1352,65.98,75,100,18.95
217,Cabo San Lucas,MX,2021-09-26 13:00:47,22.8909,-109.9124,82.51,84,1,13.8
218,Kloulklubed,PW,2021-09-26 13:04:20,7.0419,134.2556,79.3,74,100,6.55
219,Merauke,ID,2021-09-26 13:04:20,-8.4667,140.3333,77.74,88,100,13.18
220,Auki,SB,2021-09-26 13:04:20,-8.7676,160.7034,77.31,88,37,4.18
221,Helong,CN,2021-09-26 13:04:21,42.5397,128.9972,57.52,95,88,2.08
222,Laguna,US,2021-09-26 13:04:21,38.421,-121.4238,64.22,84,1,3.0
223,Soyo,AO,2021-09-26 13:04:21,-6.1349,12.3689,78.49,75,88,9.98
224,Las Vegas,US,2021-09-26 13:04:22,36.175,-115.1372,76.78,44,1,8.05
225,Sao Joao Da Barra,BR,2021-09-26 13:04:22,-21.6403,-41.0511,78.89,66,27,17.52
226,Masallatah,LY,2021-09-26 13:04:22,32.6167,14.0,83.44,38,11,14.27
227,Vanimo,PG,2021-09-26 13:04:23,-2.6741,141.3028,78.93,89,33,4.29
228,Homer,US,2021-09-26 12:59:24,59.6425,-151.5483,40.8,86,89,5.99
229,Avarua,CK,2021-09-26 13:00:51,-21.2078,-159.775,71.65,88,75,2.3
230,Yar-Sale,RU,2021-09-26 13:04:23,66.8333,70.8333,35.92,75,18,8.25
231,Tarata,BO,2021-09-26 13:04:23,-17.6167,-66.0167,64.08,49,0,3.51
232,Grand-Lahou,CI,2021-09-26 13:04:24,5.1367,-5.0242,77.99,86,95,7.87
233,Nova Gradiska,HR,2021-09-26 13:04:24,45.255,17.3831,84.09,37,0,2.59
234,Kaifeng,CN,2021-09-26 13:04:24,34.7911,114.3483,64.2,92,100,10.33
235,Geraldton,AU,2021-09-26 13:04:25,-28.7667,114.6,62.13,67,81,9.22
236,Lorengau,PG,2021-09-26 13:04:25,-2.0226,147.2712,81.05,82,20,8.99
237,Torrington,US,2021-09-26 13:01:26,41.8007,-73.1212,64.35,78,3,3.0
238,Denpasar,ID,2021-09-26 13:00:10,-8.65,115.2167,80.26,83,20,13.8
239,Dubovskoye,RU,2021-09-26 13:04:26,47.4092,42.7575,62.55,69,98,19.91
240,Adrar,MR,2021-09-26 13:02:20,20.5022,-10.0711,101.52,12,24,7.54
241,Newport,GB,2021-09-26 13:01:58,51.5877,-2.9984,72.07,72,91,11.16
242,Panaba,MX,2021-09-26 13:04:26,21.2833,-88.2667,77.02,90,12,3.18
243,Leningradskiy,RU,2021-09-26 13:04:26,69.3833,178.4167,25.03,94,100,7.76
244,Marsh Harbour,BS,2021-09-26 13:00:08,26.5412,-77.0636,80.94,74,100,13.69
245,Castro,BR,2021-09-26 13:04:27,-24.7911,-50.0119,75.31,52,0,2.86
246,Bud,US,2021-09-26 13:04:27,39.447,-86.1758,56.3,85,4,5.91
247,Atambua,ID,2021-09-26 13:04:27,-9.1061,124.8925,74.55,80,48,4.18
248,Iqaluit,CA,2021-09-26 13:01:17,63.7506,-68.5145,34.7,74,100,11.01
249,Sao Felix Do Xingu,BR,2021-09-26 13:04:28,-6.6447,-51.995,94.03,38,8,1.92
250,Leshukonskoye,RU,2021-09-26 13:04:28,64.8989,45.7622,47.48,92,100,3.0
251,Okhotsk,RU,2021-09-26 13:04:29,59.3833,143.3,45.19,58,4,9.75
252,Umba,RU,2021-09-26 13:04:29,66.6871,34.3429,48.85,90,80,3.71
253,Naze,JP,2021-09-26 13:04:29,28.3667,129.4833,78.17,83,17,12.46
254,Kalmunai,LK,2021-09-26 13:04:29,7.4167,81.8167,84.51,71,100,6.55
255,Cedar City,US,2021-09-26 13:04:30,37.6775,-113.0619,59.4,50,1,0.0
256,Port Lincoln,AU,2021-09-26 13:00:15,-34.7333,135.8667,57.18,75,91,14.41
257,Aquiraz,BR,2021-09-26 13:04:30,-3.9014,-38.3911,87.22,53,36,17.34
258,Sebaco,NI,2021-09-26 13:04:31,12.8532,-86.0963,71.44,88,100,5.1
259,Quesnel,CA,2021-09-26 13:04:31,52.9999,-122.5029,52.3,100,90,6.91
260,Santa Cruz,BO,2021-09-26 13:00:07,-17.8,-63.1667,90.21,30,0,14.97
261,Voh,NC,2021-09-26 13:04:31,-20.9667,164.7,66.2,79,66,4.74
262,Gimbi,ET,2021-09-26 13:04:32,9.1667,35.8333,62.29,85,77,1.61
263,Bogotol,RU,2021-09-26 13:04:32,56.2078,89.5342,39.22,83,100,5.93
264,Vila,PT,2021-09-26 13:04:32,42.0304,-8.1588,62.22,80,100,7.96
265,The Valley,AI,2021-09-26 13:04:33,18.217,-63.0578,87.66,74,20,8.05
266,Strezhevoy,RU,2021-09-26 13:04:33,60.7333,77.5889,42.78,68,100,6.8
267,Bindura,ZW,2021-09-26 13:04:34,-17.3019,31.3306,84.02,19,31,7.16
268,Bira,RU,2021-09-26 13:04:34,49.0,132.4667,50.02,81,36,2.86
269,Alyangula,AU,2021-09-26 13:04:34,-13.8483,136.4192,76.53,80,68,8.43
270,Hami,CN,2021-09-26 13:04:35,42.8,93.45,67.44,17,2,7.7
271,Urumqi,CN,2021-09-26 13:02:05,43.801,87.6005,59.95,25,0,2.24
272,Weyburn,CA,2021-09-26 13:04:35,49.6668,-103.8511,53.91,59,0,6.02
273,Pachino,IT,2021-09-26 13:04:35,36.7186,15.0907,87.6,70,92,12.44
274,Flinders,AU,2021-09-26 13:04:36,-34.5833,150.8552,54.21,81,77,1.99
275,Scarborough,GB,2021-09-26 13:01:40,54.2797,-0.4044,70.84,71,100,5.01
276,Vaini,TO,2021-09-26 13:04:36,-21.2,-175.2,66.36,100,75,5.75
277,Birao,CF,2021-09-26 13:04:36,10.2849,22.7882,84.92,58,70,5.99
278,Sabang,ID,2021-09-26 13:04:37,5.8933,95.3214,81.68,78,100,22.53
279,Leh,IN,2021-09-26 12:59:55,34.1667,77.5833,61.68,20,0,4.92
280,Beaverlodge,CA,2021-09-26 13:04:37,55.2166,-119.4361,50.76,96,100,2.19
281,Amot,NO,2021-09-26 13:04:37,59.5714,7.9877,59.76,54,100,6.53
282,Kununurra,AU,2021-09-26 13:04:38,-15.7667,128.7333,78.78,57,100,8.05
283,Yermish,RU,2021-09-26 13:04:38,54.7678,42.2711,52.07,83,94,3.15
284,Chortomlyk,UA,2021-09-26 13:04:38,47.6232,34.142,68.58,48,52,17.74
285,Alad,PH,2021-09-26 13:04:39,12.6168,122.2475,83.98,74,100,4.43
286,Fairview,US,2021-09-26 13:01:15,40.8126,-73.999,65.62,68,1,8.99
287,Campoverde,PE,2021-09-26 13:04:39,-8.4753,-74.8058,74.89,68,17,2.01
288,Mackay,AU,2021-09-26 13:04:39,-21.15,149.2,64.04,79,0,5.37
289,Flin Flon,CA,2021-09-26 13:04:40,54.7682,-101.865,43.39,92,42,0.96
290,Rudolstadt,DE,2021-09-26 13:04:40,50.7167,11.3333,81.73,51,40,8.32
291,Shankargarh,IN,2021-09-26 13:04:40,25.1833,81.6167,87.01,63,49,6.26
292,Gondanglegi,ID,2021-09-26 13:04:41,-7.7479,112.0132,76.78,82,100,14.72
293,Morondava,MG,2021-09-26 13:04:41,-20.2833,44.2833,80.53,67,0,14.56
294,Telimele,GN,2021-09-26 13:04:41,10.9167,-13.3333,86.14,58,100,3.04
295,Chingirlau,KZ,2021-09-26 13:04:42,51.095,54.0814,61.36,47,100,9.06
296,Donskoy,RU,2021-09-26 13:04:42,53.9711,38.3363,47.28,86,100,17.63
297,Karratha,AU,2021-09-26 13:04:42,-20.7377,116.8463,74.16,60,0,18.61
298,Roberval,CA,2021-09-26 13:04:42,48.5168,-72.2324,57.27,82,100,2.3
299,Sola,VU,2021-09-26 13:04:43,-13.8833,167.55,79.0,78,9,17.0
300,Ponta Do Sol,PT,2021-09-26 13:04:43,32.6667,-17.1,78.71,65,100,4.38
301,Araouane,ML,2021-09-26 13:04:44,18.9048,-3.5265,105.44,7,69,10.29
302,Okato,NZ,2021-09-26 13:04:44,-39.2,173.8833,43.68,69,33,5.93
303,Kirsanov,RU,2021-09-26 13:04:44,52.6549,42.7224,49.32,93,100,5.3
304,Xique-Xique,BR,2021-09-26 13:04:44,-10.8218,-42.7263,82.81,48,0,15.55
305,Harper,LR,2021-09-26 13:04:45,4.375,-7.7169,74.88,95,100,4.76
306,Honningsvag,NO,2021-09-26 13:03:12,70.9821,25.9704,47.79,76,100,12.39
307,Fairbanks,US,2021-09-26 13:00:10,64.8378,-147.7164,30.31,93,95,0.16
308,Ixtapa,MX,2021-09-26 13:01:15,20.7,-105.2,76.23,94,75,6.91
309,Tessalit,ML,2021-09-26 13:04:45,20.1986,1.0114,103.05,7,0,18.39
310,Yaan,NG,2021-09-26 13:04:46,7.3833,8.5667,84.4,66,61,3.51
311,Banda Aceh,ID,2021-09-26 13:04:46,5.5577,95.3222,79.03,83,100,14.14
312,Boca Do Acre,BR,2021-09-26 13:04:46,-8.7522,-67.3978,87.24,50,12,3.76
313,Rantoul,US,2021-09-26 13:04:47,40.3084,-88.1559,58.17,68,1,9.22
314,Matara,LK,2021-09-26 13:04:47,5.9485,80.5353,78.85,87,100,15.7
315,Isola Della Scala,IT,2021-09-26 13:04:47,45.2722,11.009,70.54,94,75,12.66
316,Grindavik,IS,2021-09-26 13:04:48,63.8424,-22.4338,43.27,81,90,28.77
317,Kishtwar,IN,2021-09-26 13:04:48,33.3167,75.7667,68.11,83,1,3.29
318,Bluefields,NI,2021-09-26 13:00:34,12.0137,-83.7635,74.44,94,100,5.77
319,Klaksvik,FO,2021-09-26 13:04:48,62.2266,-6.589,52.72,95,100,28.88
320,Avera,US,2021-09-26 13:04:49,33.194,-82.5271,62.71,71,0,4.14
321,Manokwari,ID,2021-09-26 13:04:49,-0.8667,134.0833,80.42,78,6,3.38
322,Saint Anthony,US,2021-09-26 13:04:49,45.0205,-93.218,56.71,78,1,1.01
323,Kiama,AU,2021-09-26 13:04:49,-34.6833,150.8667,52.38,86,68,1.01
324,Luis Correia,BR,2021-09-26 13:04:50,-2.8792,-41.6669,88.36,53,44,10.87
325,Cheremukhovo,RU,2021-09-26 13:04:50,60.3484,59.9851,41.0,61,100,7.78
326,Piacabucu,BR,2021-09-26 13:04:51,-10.4056,-36.4344,80.35,75,17,12.91
327,Zhangye,CN,2021-09-26 13:04:51,38.9342,100.4517,66.99,28,0,2.95
328,General Elizardo Aquino,PY,2021-09-26 13:04:51,-24.4333,-56.7,87.71,26,0,3.6
329,Camopi,GF,2021-09-26 13:04:52,3.1655,-52.3158,85.82,59,90,4.97
330,Mount Gambier,AU,2021-09-26 13:04:52,-37.8333,140.7667,42.75,91,80,5.44
331,Lavrentiya,RU,2021-09-26 13:04:52,65.5833,-171.0,30.87,79,100,6.51
332,Sakakah,SA,2021-09-26 13:04:52,29.9697,40.2064,90.84,19,0,4.99
333,Souillac,MU,2021-09-26 13:04:53,-20.5167,57.5167,74.35,79,66,16.42
334,Mayumba,GA,2021-09-26 13:04:53,-3.432,10.6554,78.37,79,79,9.71
335,Sorland,NO,2021-09-26 13:04:53,67.667,12.6934,53.67,94,90,24.16
336,Qaqortoq,GL,2021-09-26 13:04:54,60.7167,-46.0333,36.1,38,0,5.91
337,Kralendijk,BQ,2021-09-26 13:04:54,12.15,-68.2667,85.98,79,40,14.97
338,Krasnovishersk,RU,2021-09-26 13:04:54,60.4078,57.082,43.18,67,100,11.72
339,Winton,US,2021-09-26 13:04:55,37.3894,-120.6133,77.34,84,1,3.44
340,Port Macquarie,AU,2021-09-26 13:04:55,-31.4333,152.9167,55.89,66,100,9.19
341,Zyryanka,RU,2021-09-26 13:04:55,65.75,150.85,34.63,80,100,7.49
342,Paita,PE,2021-09-26 13:04:56,-5.0892,-81.1144,64.96,80,86,7.38
343,Sobolevo,RU,2021-09-26 13:04:56,54.4299,31.8996,50.72,77,72,14.97
344,Shenzhen,CN,2021-09-26 13:04:56,22.5455,114.0683,86.11,82,12,6.73
345,Tutoia,BR,2021-09-26 13:04:57,-2.7619,-42.2744,87.22,53,98,9.8
346,Awbari,LY,2021-09-26 13:04:57,26.5921,12.7805,90.1,15,0,10.98
347,Te Anau,NZ,2021-09-26 13:04:57,-45.4167,167.7167,31.82,90,31,1.95
348,Barela,IN,2021-09-26 13:04:57,23.1,80.05,79.61,89,75,0.0
349,Provost,CA,2021-09-26 13:04:58,52.3501,-110.2683,50.29,77,23,7.34
350,Vila Velha,BR,2021-09-26 13:00:36,-20.3297,-40.2925,77.97,62,3,14.05
351,Nanortalik,GL,2021-09-26 13:04:58,60.1432,-45.2371,38.8,62,40,4.56
352,Khunti,IN,2021-09-26 13:04:58,23.0833,85.2833,78.91,90,84,7.18
353,Kieta,PG,2021-09-26 13:04:59,-6.2167,155.6333,79.09,84,49,2.24
354,Pierre,US,2021-09-26 13:04:59,44.3683,-100.351,57.06,72,1,5.99
355,Ceske Velenice,CZ,2021-09-26 13:04:59,48.7685,14.9637,77.41,64,61,5.01
356,Whitewater,US,2021-09-26 13:05:00,42.8336,-88.7323,57.88,43,16,11.88
357,Nogliki,RU,2021-09-26 13:05:00,51.8333,143.1667,49.44,85,86,7.18
358,Taos,US,2021-09-26 13:05:00,36.4072,-105.5731,51.26,74,1,1.01
359,Aswan,EG,2021-09-26 13:05:01,24.0934,32.907,100.83,12,46,12.68
360,Tilichiki,RU,2021-09-26 13:05:01,60.4667,166.1,41.0,92,100,4.21
361,Rampura,IN,2021-09-26 13:05:01,30.25,75.2333,86.14,59,0,5.48
362,Nalut,LY,2021-09-26 13:05:02,30.3333,10.85,94.12,19,78,6.82
363,Parola,IN,2021-09-26 13:05:03,20.8833,75.1167,78.42,82,100,8.9
364,Cairns,AU,2021-09-26 13:00:09,-16.9167,145.7667,72.07,87,58,3.44
365,Bambous Virieux,MU,2021-09-26 13:05:03,-20.3428,57.7575,74.21,78,15,16.15
366,Shache,CN,2021-09-26 13:05:03,38.4167,77.2406,75.65,16,0,5.12
367,Itoman,JP,2021-09-26 13:05:04,26.1247,127.6694,84.22,79,40,10.36
368,Vardo,NO,2021-09-26 13:05:04,70.3705,31.1107,47.5,83,98,8.21
369,Pizhma,RU,2021-09-26 13:05:04,57.8642,47.1171,47.61,87,100,6.49
370,Valparaiso,CL,2021-09-26 13:05:05,-33.0393,-71.6273,61.03,71,0,8.05
371,Kilindoni,TZ,2021-09-26 13:05:05,-7.9139,39.6668,78.4,70,6,9.01
372,Dunedin,NZ,2021-09-26 13:05:05,-45.8742,170.5036,38.8,83,14,5.84
373,Hasaki,JP,2021-09-26 13:05:05,35.7333,140.8333,66.29,62,97,12.3
374,Punta Alta,AR,2021-09-26 13:05:06,-38.8759,-62.0736,55.87,41,6,16.75
375,Washington,US,2021-09-26 13:05:06,47.5001,-120.5015,63.09,62,100,5.12
376,Mawlaik,MM,2021-09-26 13:05:07,23.6333,94.4167,78.28,93,75,1.25
377,Boissevain,CA,2021-09-26 13:05:07,49.2306,-100.0559,61.05,61,12,4.81
378,Osypenko,UA,2021-09-26 13:05:07,46.9136,36.8253,67.84,56,89,18.05
379,Honiara,SB,2021-09-26 13:05:07,-9.4333,159.95,77.86,89,24,4.99
380,Port Hedland,AU,2021-09-26 13:05:08,-20.3167,118.5667,73.45,78,4,10.36
381,Chilca,PE,2021-09-26 13:05:08,-12.5211,-76.7372,60.85,87,96,4.63
382,Nantucket,US,2021-09-26 13:02:51,41.2835,-70.0995,66.34,94,90,12.66
383,Labuhan,ID,2021-09-26 13:05:08,-6.8844,112.2051,81.64,76,40,5.14
384,Fort Nelson,CA,2021-09-26 13:00:17,58.8053,-122.7002,42.84,71,100,2.46
385,Muros,ES,2021-09-26 13:05:09,42.7762,-9.0603,71.24,83,100,12.73
386,Inhambane,MZ,2021-09-26 13:05:09,-23.865,35.3833,79.38,60,0,13.67
387,Neuquen,AR,2021-09-26 13:05:09,-38.9516,-68.0591,53.87,32,78,11.77
388,Nefteyugansk,RU,2021-09-26 13:05:10,61.0998,72.6035,41.25,74,52,9.91
389,Topolobampo,MX,2021-09-26 13:05:10,25.6,-109.05,77.05,74,0,4.61
390,Lasa,IT,2021-09-26 13:05:10,46.6166,10.7002,66.02,90,100,4.65
391,Remedios,CU,2021-09-26 13:05:11,22.4947,-79.5458,81.52,82,6,1.77
392,Sao Joao Do Piaui,BR,2021-09-26 13:05:11,-8.3581,-42.2467,90.95,35,0,10.27
393,Pulandian,CN,2021-09-26 13:05:11,39.3953,121.9669,71.73,89,100,6.42
394,Vershino-Shakhtaminskiy,RU,2021-09-26 13:05:12,51.3012,117.8868,41.13,91,100,8.16
395,Baruun-Urt,MN,2021-09-26 13:05:12,46.6806,113.2792,48.25,43,0,14.79
396,Mindelo,CV,2021-09-26 13:05:12,16.8901,-24.9804,83.75,61,40,17.27
397,Vagur,FO,2021-09-26 13:05:13,61.4732,-6.8119,52.38,94,100,32.93
398,Nikki,BJ,2021-09-26 13:05:13,9.9401,3.2108,87.22,56,100,4.23
399,Glace Bay,CA,2021-09-26 13:05:13,46.1969,-59.957,64.04,92,100,4.0
400,Changli,CN,2021-09-26 13:05:14,39.7042,119.1506,65.34,92,100,4.03
401,La Ronge,CA,2021-09-26 13:05:14,55.1001,-105.2842,37.62,100,20,2.3
402,Tevaitoa,PF,2021-09-26 13:05:14,-16.7833,-151.5,78.15,78,3,13.53
403,Sao Filipe,CV,2021-09-26 13:05:15,14.8961,-24.4956,79.3,76,76,5.88
404,Aykhal,RU,2021-09-26 13:05:15,66.0,111.5,28.56,71,6,10.18
405,Boffa,GN,2021-09-26 13:05:15,10.1667,-14.0333,86.92,69,100,1.21
406,Omboue,GA,2021-09-26 13:05:16,-1.5746,9.2618,81.34,73,86,10.87
407,Ambon,ID,2021-09-26 13:03:50,-3.6954,128.1814,77.14,94,40,9.22
408,Moranbah,AU,2021-09-26 13:05:16,-22.0016,148.0466,66.31,52,5,7.65
409,Hue,VN,2021-09-26 13:00:31,16.4667,107.6,82.51,78,20,4.61
410,Tautira,PF,2021-09-26 13:05:17,-17.7333,-149.15,78.82,80,2,15.41
411,Margate,GB,2021-09-26 13:05:17,51.3813,1.3862,69.96,91,100,13.49
412,Saravena,CO,2021-09-26 13:05:17,6.9538,-71.8752,78.91,67,88,0.83
413,Phuthaditjhaba,ZA,2021-09-26 13:05:17,-28.5242,28.8158,85.5,15,21,5.66
414,Krasnoye,UA,2021-09-26 13:05:18,49.9145,24.6134,65.55,65,88,6.53
415,Ihosy,MG,2021-09-26 13:05:18,-22.4,46.1167,81.1,33,0,13.96
416,Sain Alto,MX,2021-09-26 13:05:18,23.5833,-103.25,55.89,87,92,2.35
417,Marawi,PH,2021-09-26 13:05:19,7.9986,124.2928,67.64,91,100,3.15
418,Ilulissat,GL,2021-09-26 13:05:19,69.2167,-51.1,19.42,49,0,5.75
419,Coquimbo,CL,2021-09-26 13:05:19,-29.9533,-71.3436,56.93,82,0,4.61
420,Kushiro,JP,2021-09-26 13:05:20,42.975,144.3747,55.45,88,100,4.72
421,Tiznit,MA,2021-09-26 13:05:20,29.5833,-9.5,90.27,16,5,6.62
422,Orje,NO,2021-09-26 13:05:20,59.4802,11.6602,62.42,53,100,5.73
423,Pimentel,PE,2021-09-26 13:05:21,-6.8367,-79.9342,62.89,82,90,1.14
424,Ola,RU,2021-09-26 13:05:21,59.5833,151.2833,44.74,67,100,13.4
425,Constitucion,CL,2021-09-26 13:05:21,-35.3333,-72.4167,53.28,70,100,6.96
426,San Cristobal,VE,2021-09-26 13:05:22,7.7669,-72.225,78.98,72,92,4.85
427,Zhezkazgan,KZ,2021-09-26 13:05:22,47.8043,67.7144,69.75,14,58,11.05
428,Moss Vale,AU,2021-09-26 13:05:22,-34.55,150.3833,44.15,94,93,1.74
429,Dalbandin,PK,2021-09-26 13:05:23,28.8947,64.4101,95.77,6,0,10.8
430,Bonfim,BR,2021-09-26 13:05:23,3.0833,-59.95,84.02,63,72,2.51
431,Oranjestad,AW,2021-09-26 13:00:24,12.524,-70.027,86.92,77,88,13.0
432,Pinar Del Rio,CU,2021-09-26 13:05:23,22.4175,-83.6981,78.55,82,9,3.62
433,Mastic Beach,US,2021-09-26 13:05:24,40.7668,-72.8521,67.1,77,1,3.0
434,Cidreira,BR,2021-09-26 13:05:24,-30.1811,-50.2056,69.28,72,0,5.17
435,Asau,RO,2021-09-26 13:05:24,46.4333,26.4,74.75,45,1,2.46
436,Coolum Beach,AU,2021-09-26 13:05:25,-26.5333,153.1,68.11,77,93,15.46
437,Atasu,KZ,2021-09-26 13:05:25,48.6814,71.6433,63.18,11,96,11.59
438,Berlevag,NO,2021-09-26 13:05:25,70.8578,29.0864,49.01,70,100,9.17
439,Verkhnyaya Inta,RU,2021-09-26 13:05:26,65.9811,60.3094,41.4,57,100,10.67
440,Ahuimanu,US,2021-09-26 13:05:26,21.4447,-157.8378,78.51,76,75,9.22
441,Morant Bay,JM,2021-09-26 13:05:26,17.8815,-76.4093,83.82,71,0,6.82
442,Gharo,PK,2021-09-26 13:05:27,24.7424,67.5856,89.82,57,39,14.47
443,Mongoumba,CF,2021-09-26 13:05:27,3.6415,18.5936,90.28,46,57,2.84
444,Ajdabiya,LY,2021-09-26 13:05:27,30.7554,20.2263,81.64,40,0,13.49
445,Ballina,AU,2021-09-26 13:05:28,-28.8667,153.5667,57.78,78,100,15.05
446,Macapa,BR,2021-09-26 13:01:05,0.0389,-51.0664,91.38,62,40,13.8
447,Kviteseid,NO,2021-09-26 13:05:28,59.4022,8.4927,64.83,50,99,6.93
448,Bozeman,US,2021-09-26 13:05:28,45.6796,-111.0386,54.93,53,0,5.01
449,Rognan,NO,2021-09-26 13:05:29,67.0953,15.3878,53.76,80,100,8.21
450,Mehamn,NO,2021-09-26 13:03:12,71.0357,27.8492,49.23,68,100,9.57
451,Sangar,RU,2021-09-26 13:05:29,63.9242,127.4739,34.29,92,57,1.32
452,Brewster,US,2021-09-26 13:05:30,41.3973,-73.6171,64.99,82,40,1.01
453,Chaiyaphum,TH,2021-09-26 13:05:30,15.75,102.0,73.83,92,100,0.38
454,Noumea,NC,2021-09-26 13:05:30,-22.2763,166.4572,62.58,71,6,7.65
455,Guane,CU,2021-09-26 13:05:30,22.2025,-84.0875,79.54,80,15,4.21
456,Kapoeta,SS,2021-09-26 13:05:31,4.7717,33.5903,89.13,35,75,4.45
457,Gat,IL,2021-09-26 13:05:31,31.61,34.7642,95.4,37,25,15.21
458,Neftcala,AZ,2021-09-26 13:05:31,39.3742,49.2472,70.23,49,0,13.6
459,Novyy Urengoy,RU,2021-09-26 13:05:32,66.0833,76.6333,35.94,71,4,7.29
460,Eydhafushi,MV,2021-09-26 13:05:32,5.1033,73.0708,78.22,86,100,22.21
461,Trelew,AR,2021-09-26 13:05:33,-43.249,-65.3051,50.9,38,6,16.53
462,Kwinana,AU,2021-09-26 13:05:33,-32.25,115.7667,61.81,73,88,18.01
463,San Felipe,VE,2021-09-26 13:05:33,10.3399,-68.7425,83.64,60,100,4.65
464,Altay,CN,2021-09-26 13:05:12,47.8667,88.1167,43.14,30,77,3.65
465,Ocos,GT,2021-09-26 13:05:34,14.5094,-92.1933,79.32,80,74,4.27
466,Alekseyevka,RU,2021-09-26 13:05:34,50.6309,38.6903,55.76,61,91,15.55
467,Zonguldak,TR,2021-09-26 13:05:34,41.25,31.8333,65.25,48,0,6.53
468,Oranjemund,NA,2021-09-26 13:05:35,-28.55,16.4333,65.71,64,8,15.99
469,Shitanjing,CN,2021-09-26 13:05:35,39.2342,106.3439,65.64,31,100,3.31
470,Masvingo,ZW,2021-09-26 13:05:35,-20.0637,30.8277,87.31,10,0,7.54
471,Mazatlan,MX,2021-09-26 13:05:36,23.2167,-106.4167,77.92,88,90,1.01
472,Ambilobe,MG,2021-09-26 13:05:36,-13.2,49.05,86.2,41,97,3.53
473,Verkhoyansk,RU,2021-09-26 13:05:36,67.5447,133.385,36.63,77,100,1.81
474,Kargasok,RU,2021-09-26 13:05:37,59.0556,80.8572,36.7,94,100,11.9
475,Bilma,NE,2021-09-26 13:05:37,18.6853,12.9164,98.76,12,0,7.85
476,Marfino,RU,2021-09-26 13:05:37,55.7028,37.3822,52.05,82,75,15.66
477,Valleyview,CA,2021-09-26 13:05:38,55.0667,-117.2859,52.12,93,100,4.88
478,Los Llanos De Aridane,ES,2021-09-26 13:05:38,28.6585,-17.9182,74.95,79,75,5.75
479,Ayr,GB,2021-09-26 13:05:38,55.4627,-4.6339,65.48,82,40,16.11
480,Pavlohrad,UA,2021-09-26 13:05:38,48.5167,35.8667,68.97,39,7,19.69
481,Olutanga,PH,2021-09-26 13:05:39,7.3106,122.8464,83.46,74,50,4.85
482,Bolobo,CD,2021-09-26 13:05:39,-2.1667,16.2333,84.54,58,98,0.54
483,Vostok,RU,2021-09-26 13:05:39,46.4856,135.8833,47.35,91,0,3.29
484,Kruisfontein,ZA,2021-09-26 13:05:40,-34.0033,24.7314,69.89,63,57,13.2
485,Gumdag,TM,2021-09-26 13:05:40,39.2061,54.5906,70.5,50,6,13.22
486,Gazimurskiy Zavod,RU,2021-09-26 13:05:40,51.5461,118.3266,45.63,91,100,9.62
487,Lumeje,AO,2021-09-26 13:05:41,-11.55,20.7833,94.37,14,72,9.19
488,Havoysund,NO,2021-09-26 13:05:41,70.9963,24.6622,49.08,67,100,12.53
489,Aasiaat,GL,2021-09-26 13:03:13,68.7098,-52.8699,11.32,72,5,7.65
490,Lermontovka,RU,2021-09-26 13:05:41,47.1453,134.3383,52.66,92,2,3.58
491,Mizdah,LY,2021-09-26 13:05:42,31.4451,12.9801,88.29,19,28,8.08
492,Ust-Tsilma,RU,2021-09-26 13:05:42,65.441,52.1498,42.46,89,100,8.05
493,Naples,IT,2021-09-26 13:05:42,40.8333,14.25,84.81,60,0,4.0
494,Nishihara,JP,2021-09-26 13:05:43,26.1842,127.7558,83.48,79,40,10.36
495,Deputatskiy,RU,2021-09-26 13:05:43,69.3,139.9,28.67,86,100,22.35
496,Mareeba,AU,2021-09-26 13:05:43,-17.0,145.4333,68.72,92,35,3.06
497,Bulgan,MN,2021-09-26 13:05:44,48.8125,103.5347,37.99,51,75,0.89
498,Pirmasens,DE,2021-09-26 13:05:44,49.2015,7.6053,69.75,68,93,9.01
499,Lazaro Cardenas,MX,2021-09-26 13:05:44,17.9583,-102.2,76.06,88,100,4.16
500,Saint-Louis,SN,2021-09-26 13:05:45,16.3333,-15.0,98.29,29,86,4.54
501,Naifaru,MV,2021-09-26 13:05:45,5.4444,73.3657,77.97,88,100,22.19
502,Korsor,DK,2021-09-26 13:05:45,55.3299,11.1386,65.34,83,100,14.38
503,Vakhtan,RU,2021-09-26 13:05:46,57.9659,46.6889,48.74,83,100,6.55
504,Beisfjord,NO,2021-09-26 13:05:46,68.3751,17.5988,50.25,85,100,11.18
505,Boddam,GB,2021-09-26 13:05:46,57.4667,-1.7833,67.42,92,42,19.17
506,Senneterre,CA,2021-09-26 13:05:47,48.3835,-77.2328,48.42,96,100,5.01
507,Reconquista,AR,2021-09-26 13:05:47,-29.15,-59.65,74.34,44,0,8.19
508,Huarmey,PE,2021-09-26 13:05:47,-10.0681,-78.1522,63.97,85,79,5.93
509,Mahibadhoo,MV,2021-09-26 13:02:01,3.7833,72.9667,79.34,81,100,21.09
510,Baykit,RU,2021-09-26 13:05:48,61.67,96.37,39.0,84,97,9.84
511,Terme,TR,2021-09-26 13:05:48,41.2092,36.9739,71.53,61,0,8.37
512,Kutum,SD,2021-09-26 13:05:48,14.2,24.6667,81.86,41,98,9.84
513,Kimbe,PG,2021-09-26 13:05:49,-5.5502,150.1429,76.32,92,89,4.07
514,Niimi,JP,2021-09-26 13:05:49,34.9833,133.4667,68.4,97,47,3.06
515,Itarema,BR,2021-09-26 13:05:49,-2.9248,-39.9167,88.86,52,91,17.96
516,Manzanillo,CU,2021-09-26 13:05:50,20.3433,-77.1167,79.7,81,0,5.08
517,Etampes,FR,2021-09-26 13:05:50,48.4333,2.15,73.53,72,99,11.05
518,Makasar,ID,2021-09-26 13:05:50,-5.14,119.4221,82.45,69,20,4.61
519,Abu Kamal,SY,2021-09-26 13:05:51,34.4506,40.9171,87.96,14,0,16.53
520,Krasnoarmeysk,RU,2021-09-26 13:05:51,51.0239,45.6969,50.07,91,100,11.16
521,Dongsheng,CN,2021-09-26 13:05:51,39.8161,109.9776,61.16,27,21,4.83
522,Panjab,AF,2021-09-26 13:05:52,34.388,67.0233,66.47,6,0,5.95
523,Offa,NG,2021-09-26 13:05:52,8.15,4.7167,80.15,73,100,3.04
524,Sayyan,YE,2021-09-26 13:05:52,15.1718,44.3244,74.32,10,5,20.4
525,Coihaique,CL,2021-09-26 13:01:51,-45.5752,-72.0662,39.97,69,38,7.38
526,Pochutla,MX,2021-09-26 13:05:53,15.7432,-96.4661,74.17,81,95,4.12
527,Iquitos,PE,2021-09-26 13:05:53,-3.7481,-73.2472,73.44,88,75,3.44
528,Manoel Urbano,BR,2021-09-26 13:05:53,-8.8389,-69.2597,84.18,60,3,2.98
529,Nhulunbuy,AU,2021-09-26 13:05:54,-12.2333,136.7667,79.41,83,100,8.05
530,Ayagoz,KZ,2021-09-26 13:05:54,47.9714,80.4392,51.03,34,100,17.63
531,Caconda,AO,2021-09-26 13:05:54,-13.7333,15.0667,92.44,7,0,5.7
532,Samfya,ZM,2021-09-26 13:05:54,-11.3649,29.5565,88.23,18,66,3.98
533,Jagdalpur,IN,2021-09-26 13:05:55,19.0667,82.0333,73.6,93,100,5.64
534,Akcaabat,TR,2021-09-26 13:05:55,41.0212,39.5715,69.67,56,40,3.44
535,Piriyapatna,IN,2021-09-26 13:05:56,12.3397,76.0992,71.51,89,100,8.66
536,Kannangad,IN,2021-09-26 13:05:56,12.3081,75.1063,79.99,85,100,7.05
537,Nexo,DK,2021-09-26 13:05:56,55.0607,15.1306,62.69,81,56,11.63
538,San Angelo,US,2021-09-26 13:01:04,31.4638,-100.437,62.42,66,1,3.0
539,Grove City,US,2021-09-26 13:05:34,39.8815,-83.093,57.11,84,1,3.44
540,Sosua,DO,2021-09-26 13:05:13,19.7667,-70.5167,85.23,84,20,0.0
541,Melfi,IT,2021-09-26 13:05:57,40.9965,15.6514,91.49,20,45,6.62
542,Santa Lucia,ES,2021-09-26 13:05:57,27.9117,-15.5407,75.76,66,20,16.11
543,Kumylzhenskaya,RU,2021-09-26 13:05:58,49.8809,42.5898,60.01,59,14,19.46
544,Bahia Blanca,AR,2021-09-26 13:05:58,-38.7196,-62.2724,56.12,34,89,14.63
545,Jalu,LY,2021-09-26 13:05:58,29.0331,21.5482,86.18,24,0,10.29
546,Gao,ML,2021-09-26 13:01:49,16.6362,1.637,101.84,11,1,4.09
547,Bisho,ZA,2021-09-26 13:05:59,-32.8472,27.4422,74.28,46,16,13.2
548,Bende,NG,2021-09-26 13:05:59,5.5572,7.6368,75.27,91,100,2.33
549,Fougamou,GA,2021-09-26 13:05:59,-1.2154,10.5838,83.53,72,100,2.37
550,Kyshtovka,RU,2021-09-26 13:06:00,56.555,76.6271,37.42,80,100,7.61
551,Ossora,RU,2021-09-26 13:06:00,59.2353,163.0719,42.24,86,78,7.76
552,Pisco,PE,2021-09-26 13:06:00,-13.7,-76.2167,61.02,88,90,3.44
553,Farmington,US,2021-09-26 13:04:01,36.7281,-108.2187,54.19,66,1,5.75
554,Bullhead City,US,2021-09-26 13:06:01,35.1478,-114.5683,80.71,50,40,0.0
555,Bara,NG,2021-09-26 13:06:01,10.3744,10.7288,88.88,50,42,2.77
556,Beira,MZ,2021-09-26 13:06:02,-19.8436,34.8389,78.89,73,20,17.27
557,Penzance,GB,2021-09-26 13:06:02,50.1186,-5.5371,67.77,85,44,21.14
558,Asarganj,IN,2021-09-26 13:06:02,25.15,86.6833,87.17,70,85,5.55
559,Sitka,US,2021-09-26 13:06:03,57.0531,-135.33,42.69,87,75,0.0
560,Berbera,SO,2021-09-26 13:06:03,10.4396,45.0143,91.33,55,99,4.61
561,North Bend,US,2021-09-26 13:06:03,43.4065,-124.2243,57.85,82,90,5.75
562,Seoul,KR,2021-09-26 13:03:30,37.5683,126.9778,72.84,62,100,2.55
563,Donaueschingen,DE,2021-09-26 13:06:04,47.95,8.5,67.84,84,100,2.73
564,Tateyama,JP,2021-09-26 13:06:04,34.9833,139.8667,68.05,70,54,12.55
565,Matagami,CA,2021-09-26 13:02:37,49.7502,-77.6328,46.54,94,100,4.99
566,Namibe,AO,2021-09-26 13:06:05,-15.1961,12.1522,68.59,72,38,13.98
567,Nerchinskiy Zavod,RU,2021-09-26 13:06:05,51.3088,119.61,52.02,93,100,12.24
568,Touros,BR,2021-09-26 13:06:05,-5.1989,-35.4608,88.7,62,16,18.68
569,Katherine,AU,2021-09-26 13:06:05,-14.4667,132.2667,77.32,38,66,3.44
